Player,Agents,Rnd,ACS,K:D,KAST,ADR,KPR,APR,FKPR,FDPR,HS%,CL%,CL,KMax,K,D,A,FK,FD,Role
shanee  brow,,133,282.8,1.35,74%,188,1.01,0.17,0.2,0.1,24%,,0/13,47,134,99,22,27,13,Duelist
OPM  UES,,63,280,1.51,78%,173.1,1.03,0.1,0.19,0.21,25%,50%,03-Jun,23,65,43,6,12,13,Duelist
1TaPGoD  TR,,161,276.4,1.37,74%,175.2,0.99,0.16,0.19,0.16,27%,20%,Mar-15,31,159,116,25,31,25,Duelist
ezzy  Medal,,80,275.5,1.41,78%,170.7,0.95,0.33,0.13,0.1,27%,17%,02-Dec,21,76,54,26,10,8,Duelist
shooterR  OGT,,517,274.4,1.31,75%,170.5,0.95,0.16,0.21,0.16,34%,6%,Feb-32,27,491,375,82,109,81,Duelist
DEATHMAKER  VLT,,391,273.6,1.44,75%,173.6,0.97,0.15,0.18,0.1,33%,19%,Sep-47,36,380,264,58,72,40,Duelist
rawfiul  ENGM,,445,272.3,1.43,74%,172.3,0.96,0.13,0.17,0.1,30%,10%,Apr-39,29,429,300,60,76,46,Duelist
traNz  Agon,,103,269,1.31,79%,165.1,0.99,0.11,0.21,0.17,30%,6%,Jan-18,28,102,78,11,22,17,Duelist
Drix  SUS,,49,267.5,1.1,67%,174.4,0.9,0.27,0.2,0.27,15%,,0/3,26,44,40,13,10,13,Duelist
tesseract  OGT,,517,267.2,1.56,78%,171.9,0.97,0.32,0.1,0.07,33%,20%,Oct-51,37,501,321,164,54,38,Duelist
gothchild  brow,,133,266.8,1.38,81%,175.9,0.9,0.24,0.11,0.07,26%,16%,Mar-19,36,120,87,32,15,9,Duelist
1KAPUMBA  Wolf,,37,266.5,1.23,68%,161.5,1,0.19,0.05,0.05,24%,23%,Mar-13,21,37,30,7,2,2,Duelist
Busterrr  Medal,,80,265.3,1.36,78%,176.2,0.95,0.16,0.06,0.05,30%,11%,01-Sep,22,76,56,13,5,4,Duelist
GENSH1  Wolf,,24,265,1.29,71%,171.4,0.92,0.13,0.17,0.08,27%,,0/3,22,22,17,3,4,2,Duelist
son1c  SE,,64,265,1.33,84%,162.3,0.95,0.5,0.08,0.08,24%,40%,02-May,23,61,46,32,5,5,Duelist
BUTTSAHAB  Agon,,103,262.6,1.31,75%,163.2,0.89,0.17,0.12,0.14,27%,14%,01-Jul,27,92,70,17,12,14,Duelist
Bloody  PE,,78,262,1.47,76%,174.5,0.96,0.1,0.18,0.13,29%,22%,02-Sep,21,75,51,8,14,10,Duelist
SkRossi  GES,,592,261.3,1.31,72%,161.7,0.92,0.13,0.24,0.13,27%,9%,May-57,27,546,417,76,143,77,Duelist
Binks  T69,,41,258,1.17,73%,166.3,0.85,0.39,0.1,0.1,19%,,0/5,24,35,30,16,4,4,Duelist
ChromnZ  uG,,212,257.5,1.05,66%,169.7,0.84,0.26,0.16,0.12,13%,10%,Feb-20,31,178,169,56,34,26,Duelist
shah  MT,,33,257,0.93,70%,163.5,0.82,0.15,0.06,0.09,26%,11%,01-Sep,14,27,29,5,2,3,Duelist
PanzeR  MB,,76,256.5,1.42,71%,163.3,0.93,0.22,0.09,0.07,20%,17%,Mar-18,24,71,50,17,7,5,Duelist
strixx  T69,,41,255.5,1.09,76%,150.9,0.88,0.12,0.24,0.12,33%,17%,01-Jun,24,36,33,5,10,5,Duelist
Cactus  FNG,,63,250,1.04,59%,148.9,0.86,0.14,0.19,0.14,30%,13%,01-Aug,20,54,52,9,12,9,Duelist
EpickY  MT,,33,249.5,0.93,70%,161.2,0.85,0.06,0.12,0.27,34%,,0/4,15,28,30,2,4,9,Non-Duelist
Rafaaaa  LE,(+2),178,249.1,1.21,74%,155.2,0.84,0.31,0.04,0.04,24%,25%,Jun-24,30,149,123,55,8,8,Non-Duelist
Assass1N  BLIND,,40,247.5,1.09,63%,155.6,0.88,0.2,0.1,0.1,24%,,0/5,20,35,32,8,4,4,Non-Duelist
StereohearT  TC,,50,246.7,1.08,74%,151.5,0.82,0.22,0.26,0.08,22%,,0/8,17,41,38,11,13,4,Non-Duelist
Jfly  Weeb,,109,246,1.07,69%,153.4,0.84,0.17,0.17,0.16,25%,,0/15,26,92,86,18,19,17,Non-Duelist
Excali  ENGM,(+6),445,243.1,1.18,74%,152.9,0.82,0.31,0.11,0.11,25%,20%,Aug-40,25,364,308,136,50,50,Non-Duelist
KnightRider  RNT,,353,240.3,1.24,66%,146.5,0.89,0.09,0.2,0.16,29%,13%,May-40,32,313,252,31,71,58,Non-Duelist
psy  TR,,161,238.7,1.15,72%,154.7,0.82,0.32,0.16,0.07,23%,5%,Jan-20,22,132,115,52,26,12,Non-Duelist
Lightningfast  GES,(+1),592,238.7,1.1,74%,157.7,0.81,0.29,0.13,0.13,23%,14%,May-36,27,479,435,173,78,76,Non-Duelist
Dean  PE,,78,238.5,1.35,82%,157.1,0.83,0.37,0.12,0,25%,9%,01-Nov,21,65,48,29,9,0,Non-Duelist
Paradox  VL,(+3),494,238.3,1.13,72%,158.5,0.82,0.23,0.16,0.13,23%,20%,13/66,34,405,359,114,81,63,Non-Duelist
Qureshi  Weeb,,109,238.2,1.08,72%,157,0.84,0.21,0.13,0.12,24%,29%,02-Jul,26,92,85,23,14,13,Non-Duelist
Saunic  CC,,93,237.8,1.04,76%,161.6,0.8,0.44,0.1,0.09,24%,29%,02-Jul,24,74,71,41,9,8,Non-Duelist
Marzil  LE,,178,237.8,1.28,75%,157.6,0.87,0.37,0.07,0.08,28%,20%,Apr-20,35,155,121,65,12,15,Non-Duelist
Storax  FPG,,319,235.9,1.29,70%,150.4,0.84,0.14,0.13,0.13,22%,10%,May-50,28,269,208,44,41,42,Non-Duelist
venkabot  CC,,93,234.3,1.13,68%,152,0.84,0.15,0.22,0.22,33%,33%,02-Jun,26,78,69,14,20,20,Non-Duelist
Kohliii  FNG,,63,234.3,1.14,70%,161.3,0.79,0.37,0.1,0.02,31%,,0/6,23,50,44,23,6,1,Non-Duelist
Sprintz4k  THE,,36,233,1.18,72%,148.4,0.92,0.03,0.19,0.03,28%,9%,01-Nov,18,33,28,1,7,1,Non-Duelist
SmasGaming  TC,,50,232.7,1.09,62%,148,0.76,0.12,0.24,0.12,23%,,0/1,15,38,35,6,12,6,Non-Duelist
CruiserGOD  Only,,61,232.3,0.98,69%,141,0.8,0.13,0.25,0.15,23%,13%,01-Aug,20,49,50,8,15,9,Non-Duelist
Oceanman  VOIX,,40,231,1.1,70%,142.6,0.85,0.3,0.05,0.03,42%,13%,01-Aug,34,34,31,12,2,1,Non-Duelist
Zuko  ROG,,42,231,1.22,79%,154.5,0.79,0.26,0.14,0.07,22%,14%,01-Jul,18,33,27,11,6,3,Non-Duelist
GhostVer1f1d  ROG,,42,229.5,0.91,57%,155,0.74,0.19,0.19,0.21,33%,20%,01-May,17,31,34,8,8,9,Non-Duelist
k1Ng  FPG,,319,228.8,1,72%,149.1,0.76,0.26,0.1,0.13,21%,17%,Apr-24,23,243,243,84,32,41,Non-Duelist
tr1ck  p5,(+2),431,228.5,1.12,68%,146.5,0.81,0.19,0.17,0.11,21%,7%,Apr-54,27,348,312,83,72,46,Non-Duelist
M I N G  wm,,66,227.7,1.17,71%,150.8,0.83,0.14,0.2,0.15,32%,9%,01-Nov,22,55,47,9,13,10,Non-Duelist
PokemoN  FPG,(+1),319,227.6,1.14,70%,148.8,0.8,0.27,0.09,0.1,30%,19%,Jul-36,24,255,224,86,28,33,Non-Duelist
AEZ  SUS,,49,224,1.06,71%,147.1,0.76,0.39,0,0.06,19%,,0/5,19,37,35,19,0,3,Non-Duelist
Asitte  KE,,189,223.4,0.93,59%,137.4,0.79,0.12,0.09,0.12,27%,10%,Feb-21,22,149,160,22,17,23,Non-Duelist
hazyy  VOIX,,56,223,0.98,55%,162.2,0.82,0.18,0.21,0.14,32%,11%,01-Sep,38,46,47,10,12,8,Non-Duelist
Harshv  Only,,61,222.7,0.96,79%,140,0.74,0.39,0.05,0.03,18%,,0/8,21,45,47,24,3,2,Non-Duelist
zoloCRAZY  XLE,(+2),144,222.6,0.84,59%,143.4,0.76,0.1,0.16,0.19,36%,,0/21,20,110,131,15,23,28,Non-Duelist
L0sttt  Kolk,,30,222,0.84,70%,147.9,0.7,0.17,0.07,0.07,31%,,0/10,13,21,25,5,2,2,Non-Duelist
Techno  CC,,93,221.5,1,68%,145.5,0.71,0.25,0.11,0.08,23%,10%,01-Oct,18,66,66,23,10,7,Non-Duelist
M1SYL  SE,,64,221,1.08,66%,139.8,0.84,0.11,0.19,0.19,21%,,0/7,17,54,50,7,12,12,Non-Duelist
ZinG  wm,,66,220.3,0.98,68%,152.2,0.71,0.35,0.08,0.11,19%,,0/11,22,47,48,23,5,7,Non-Duelist
Flica  PE,,78,219,1.07,72%,147.9,0.76,0.19,0.12,0.1,15%,,0/6,23,59,55,15,9,8,Non-Duelist
Deadly10  RGE,,458,218.8,0.94,65%,137.3,0.76,0.17,0.22,0.2,28%,8%,Feb-26,31,347,368,80,102,92,Non-Duelist
f1redup  MB,,76,216.8,0.95,70%,141.5,0.75,0.21,0.2,0.2,20%,11%,01-Sep,23,57,60,16,15,15,Non-Duelist
Kyojin  SE,,64,215.8,0.94,70%,143.4,0.77,0.25,0.13,0.13,32%,,0/7,22,49,52,16,8,8,Non-Duelist
kibo  BLIND,,40,215.5,0.79,63%,138.3,0.68,0.13,0.2,0.3,24%,,0/2,17,27,34,5,8,12,Non-Duelist
KHG  PE,,78,215,1.08,73%,131.8,0.72,0.28,0.12,0.08,25%,30%,03-Oct,16,56,52,22,9,6,Non-Duelist
BADlove  RGE,(+1),458,214.9,1.1,69%,142.9,0.76,0.19,0.09,0.1,27%,18%,Jul-40,27,350,317,88,40,48,Non-Duelist
mw1  VLT,(+1),391,214.4,0.96,66%,140.7,0.74,0.2,0.16,0.18,23%,12%,Feb-17,22,288,300,80,62,71,Non-Duelist
skillZ  GES,(+1),592,214.4,1.25,77%,137.6,0.77,0.39,0.07,0.06,30%,26%,15/58,24,453,363,229,41,38,Non-Duelist
DOXZ3R  ROG,,42,212.5,0.94,83%,139.8,0.71,0.38,0.1,0,12%,,0/7,18,30,32,16,4,0,Non-Duelist
Antidote  ENGM,(+3),445,211.6,1.15,76%,130.4,0.73,0.29,0.12,0.1,25%,15%,Jun-40,23,326,284,127,52,46,Non-Duelist
Hoax  VL,,494,211.5,1.08,70%,137.4,0.75,0.29,0.09,0.07,20%,15%,Sep-61,34,369,343,143,45,34,Non-Duelist
DominiK  FNG,,63,211.3,1.13,70%,136.6,0.71,0.29,0.03,0.02,39%,14%,Feb-14,17,45,40,18,2,1,Non-Duelist
Quake  Only,,61,210,1.02,80%,142.5,0.72,0.36,0,0.05,26%,15%,Feb-13,21,44,43,22,0,3,Non-Duelist
Styx  SUS,,49,208.5,0.89,76%,143.6,0.65,0.43,0.06,0.08,20%,,0/4,17,32,36,21,3,4,Non-Duelist
Kyie  KE,(+3),152,207.4,0.88,63%,145,0.71,0.23,0.08,0.13,24%,12%,Mar-25,21,108,123,35,12,19,Non-Duelist
sens3i  LE,,178,206.4,1.07,67%,124.6,0.72,0.09,0.17,0.14,21%,6%,Jan-18,21,128,120,16,30,25,Non-Duelist
Harshhh  RGE,(+1),458,206.1,1.13,76%,128.4,0.73,0.41,0.08,0.05,17%,15%,Sep-62,28,336,297,188,37,21,Non-Duelist
CrosshaiR  TR,,161,206,0.97,71%,141.8,0.71,0.29,0.1,0.07,27%,6%,Jan-17,21,114,117,47,16,11,Non-Duelist
RvK  ENGM,(+4),445,205.4,1.16,73%,134,0.73,0.27,0.07,0.07,35%,29%,17/58,24,324,280,122,31,31,Non-Duelist
Fraxert  VOIX,,56,205,0.86,64%,139.9,0.68,0.29,0.04,0.13,25%,23%,Mar-13,28,38,44,16,2,7,Non-Duelist
FOX  VL,(+4),494,204.7,1.03,73%,136.9,0.71,0.41,0.05,0.06,25%,16%,Oct-61,26,352,341,203,25,29,Non-Duelist
Zoid  THE,,36,204,0.71,58%,132.4,0.61,0.19,0.14,0.06,19%,,0/5,14,22,31,7,5,2,Non-Duelist
DEADSHOT  wm,,66,204,0.83,62%,136.4,0.68,0.17,0.09,0.11,20%,,0/6,16,45,54,11,6,7,Non-Duelist
Scargod  RNT,(+1),353,203.8,0.89,65%,132.5,0.72,0.22,0.13,0.13,29%,5%,Jan-20,31,254,284,77,46,47,Non-Duelist
JN  VL,,494,203.1,0.93,64%,128.2,0.71,0.2,0.15,0.13,23%,9%,Mar-34,33,349,376,99,72,63,Non-Duelist
EL1TE  UES,,63,202.3,1.16,73%,146.3,0.79,0.19,0.08,0.06,31%,,0/8,28,50,43,12,5,4,Non-Duelist
Kasper  p5,(+3),431,202.1,0.99,70%,131.2,0.7,0.2,0.08,0.08,26%,15%,Sep-60,24,302,305,86,34,35,Non-Duelist
LuciA  LE,,178,202.1,0.96,75%,128.3,0.67,0.37,0.05,0.04,19%,24%,Jun-25,19,120,125,66,9,7,Non-Duelist
dennyS  wm,,66,202,0.9,70%,130.7,0.71,0.3,0.11,0.08,34%,25%,01-Apr,20,47,52,20,7,5,Non-Duelist
Kev  Only,,61,202,0.87,70%,136,0.67,0.25,0.16,0.16,14%,,0/1,19,41,47,15,10,10,Non-Duelist
B2  FNG,,63,201.7,0.98,67%,136.7,0.68,0.3,0.11,0.21,29%,17%,01-Jun,19,43,44,19,7,13,Non-Duelist
ath3nA  Wolf,,61,200.7,0.81,54%,133.9,0.69,0.16,0.05,0.13,18%,33%,03-Sep,20,42,52,10,3,8,Non-Duelist
Moonlight  KE,(+2),189,200.1,0.8,61%,127,0.66,0.22,0.14,0.14,25%,14%,Mar-22,20,125,157,41,27,27,Non-Duelist
BeasT  p5,(+3),431,198.6,0.98,69%,132.9,0.71,0.23,0.1,0.11,26%,23%,13/56,25,308,313,100,41,47,Non-Duelist
hikkA  uG,,66,197.3,0.9,64%,130.4,0.7,0.11,0.14,0.11,14%,11%,01-Sep,20,46,51,7,9,7,Non-Duelist
Rossi  Medal,,80,196.8,0.9,64%,124.5,0.69,0.11,0.09,0.25,22%,25%,01-Apr,18,55,61,9,7,20,Non-Duelist
Ember  RNT,(+2),353,196.4,1,75%,132.4,0.68,0.34,0.08,0.07,22%,9%,Apr-43,24,239,240,121,27,24,Non-Duelist
Zolopie  Weeb,,109,196,0.95,73%,131.3,0.69,0.33,0.1,0.05,30%,14%,Feb-14,19,75,79,36,11,5,Non-Duelist
Logistaa  RNT,(+2),353,195.9,1.03,70%,126.8,0.68,0.23,0.04,0.05,22%,11%,Jul-62,24,241,234,81,13,19,Non-Duelist
Abdur  FPG,,319,195.9,1.02,72%,126.5,0.71,0.29,0.07,0.07,33%,21%,Sep-43,26,226,222,93,23,21,Non-Duelist
Wrench  BLIND,,40,195.5,0.87,60%,132.9,0.65,0.33,0.05,0,26%,14%,01-Jul,14,26,30,13,2,0,Non-Duelist
Hatz  p5,(+5),431,193.6,0.85,67%,128.9,0.65,0.25,0.11,0.12,28%,9%,Apr-47,25,281,330,106,46,50,Non-Duelist
Pixelzz  RGE,,458,193,0.98,73%,127.8,0.69,0.33,0.05,0.08,23%,15%,Aug-53,27,315,321,153,24,37,Non-Duelist
Vibhor  OGT,(+2),517,192.1,1.08,78%,123.8,0.68,0.37,0.07,0.09,23%,32%,Nov-34,25,349,323,193,38,44,Non-Duelist
duke  XLE,,128,191.9,0.76,55%,128.6,0.64,0.13,0.05,0.09,27%,,0/19,16,82,108,16,7,11,Non-Duelist
SCR1M  uG,,116,191.7,0.85,69%,126.3,0.67,0.31,0.11,0.14,21%,,0/11,21,78,92,36,13,16,Non-Duelist
Em0  T69,,41,191.5,0.9,73%,117.6,0.66,0.41,0.1,0.12,15%,,0/9,16,27,30,17,4,5,Non-Duelist
dem0n  brow,,133,190.3,0.95,77%,115.9,0.62,0.48,0.08,0.09,24%,20%,Mar-15,19,83,87,64,10,12,Non-Duelist
ChoBz  SUS,,49,189,1.13,67%,125.5,0.69,0.1,0.08,0.08,22%,25%,02-Aug,17,34,30,5,4,4,Non-Duelist
BuLL3T  VL,,494,188.5,0.98,70%,127.3,0.67,0.3,0.07,0.1,26%,19%,Oct-53,24,330,337,148,33,49,Non-Duelist
Persia  OGT,(+1),517,188.4,1.16,73%,128.2,0.66,0.2,0.08,0.09,24%,19%,13/69,22,339,293,104,43,48,Non-Duelist
r1yal  TL,,37,188,0.76,57%,120.8,0.7,0.05,0.14,0.3,33%,,0/2,19,26,34,2,5,11,Non-Duelist
ItsmeBabar  TC,,50,187.3,1,66%,135.3,0.64,0.28,0.02,0.06,30%,13%,01-Aug,14,32,32,14,1,3,Non-Duelist
BadmaN  Medal,,80,186.5,0.89,68%,119.1,0.64,0.25,0.1,0.09,26%,10%,01-Oct,14,51,57,20,8,7,Non-Duelist
OnHeAd  TC,,50,185,0.89,72%,112.3,0.64,0.3,0.06,0,28%,,0/7,17,32,36,15,3,0,Non-Duelist
GauRanG  Only,,61,184.7,0.96,69%,128.5,0.7,0.15,0.1,0.05,36%,13%,01-Aug,15,43,45,9,6,3,Non-Duelist
hellff  VLT,(+2),391,184.7,0.99,69%,124.6,0.66,0.28,0.04,0.06,23%,21%,Nov-53,23,258,261,110,16,24,Non-Duelist
rite2ace  VLT,,391,184.4,0.98,72%,118.9,0.64,0.29,0.08,0.07,25%,34%,15/44,20,251,256,115,30,28,Non-Duelist
ZENOX  Evol,,16,184,0.63,56%,111.3,0.63,0,0.31,0.25,18%,,0/1,10,10,16,0,5,4,Non-Duelist
zondA  Weeb,,109,183.4,0.86,72%,120.5,0.62,0.4,0.06,0.11,25%,15%,Feb-13,22,68,79,44,6,12,Non-Duelist
Ghost  OGT,(+1),517,182.1,1,76%,114.8,0.63,0.37,0.07,0.05,30%,11%,May-46,20,326,326,189,34,28,Non-Duelist
SataN  CC,,93,182,0.72,73%,118.6,0.57,0.56,0.04,0.06,32%,15%,Feb-13,15,53,74,52,4,6,Non-Duelist
Whimp  RNT,(+1),353,181.7,0.88,72%,120.6,0.6,0.34,0.06,0.08,28%,6%,Feb-32,21,213,243,119,20,28,Non-Duelist
SRR  p5,,24,181,0.94,67%,120,0.63,0.17,0.17,0.08,28%,,,15,15,16,4,4,2,Non-Duelist
JuveNN  T69,,41,180.5,0.96,71%,126.7,0.66,0.27,0.07,0.05,32%,,0/3,16,27,28,11,3,2,Non-Duelist
GSilent  TL,,37,180.5,0.76,65%,123.5,0.59,0.32,0.03,0.03,29%,21%,Mar-14,12,22,29,12,1,1,Non-Duelist
Amaterasu  VLT,,391,179.7,0.94,71%,113.7,0.63,0.34,0.06,0.06,29%,10%,May-49,23,248,263,134,23,25,Non-Duelist
PhenomenaL  MT,,33,179,0.52,52%,125,0.48,0.15,0.06,0.12,15%,,0/3,10,16,31,5,2,4,Non-Duelist
WhiteHorse  MB,,76,179,0.96,64%,118.1,0.64,0.28,0.08,0.04,23%,11%,01-Sep,15,49,51,21,6,3,Non-Duelist
Mast3r  TR,(+1),161,178.6,1.06,79%,119.9,0.65,0.27,0.09,0.06,22%,26%,Jun-23,21,104,98,44,15,9,Non-Duelist
KappA  GES,,592,178.2,0.99,75%,119,0.61,0.31,0.05,0.06,25%,13%,Aug-61,20,361,365,181,32,36,Non-Duelist
DarKkKy  Agon,(+1),103,178.2,0.96,70%,117,0.62,0.3,0.07,0.06,22%,30%,03-Oct,16,64,67,31,7,6,Non-Duelist
CortezZ  FNG,,45,178,0.77,67%,121.7,0.6,0.2,0.11,0.16,16%,25%,01-Apr,17,27,35,9,5,7,Non-Duelist
HSB  Agon,,62,177.7,0.84,68%,120.6,0.6,0.24,0.02,0.05,26%,14%,01-Jul,18,37,44,15,1,3,Non-Duelist
Rio  RGE,,458,176.9,0.84,70%,118,0.57,0.36,0.06,0.07,20%,10%,Jul-73,20,261,311,166,26,30,Non-Duelist
HellrangeR  GES,(+2),592,176.8,1.07,72%,113.4,0.66,0.28,0.06,0.06,32%,18%,13/73,21,389,362,167,36,35,Non-Duelist
fancy9  XLE,(+2),144,176.5,0.66,64%,122,0.58,0.19,0.08,0.11,24%,15%,Apr-27,16,83,125,27,12,16,Non-Duelist
Rexy  ENGM,(+4),445,176.4,0.98,71%,117.6,0.62,0.31,0.07,0.07,29%,7%,Mar-41,21,274,279,140,32,31,Non-Duelist
KriminaL  Agon,,103,176.2,0.9,69%,122.4,0.62,0.27,0.07,0.11,30%,29%,02-Jul,21,64,71,28,7,11,Non-Duelist
AssassinSAHIB  Veno,,14,176,0.5,64%,115,0.5,0.29,0,0.21,38%,,0/2,7,7,14,4,0,3,Non-Duelist
BenJ 锦  uG,(+2),212,175.5,0.77,64%,117.9,0.61,0.21,0.08,0.09,27%,19%,Jul-36,20,129,167,45,16,19,Non-Duelist
Andr0idDDD  LE,,178,175.5,0.69,62%,117.9,0.57,0.21,0.1,0.26,18%,,0/9,18,101,147,38,18,46,Non-Duelist
SharpY  TL,,37,174.5,0.7,54%,121.1,0.57,0.16,0.03,0.11,33%,17%,01-Jun,12,21,30,6,1,4,Non-Duelist
Quby  Evol,,16,174,0.79,69%,95.8,0.69,0.19,0,0.06,3%,,0/4,11,11,14,3,0,1,Non-Duelist
Hermione  SE,,64,173.8,0.77,80%,125.5,0.56,0.52,0.08,0.03,23%,,0/7,13,36,47,33,5,2,Non-Duelist
PhanthoM  Wolf,,44,172.5,0.76,70%,112.5,0.57,0.23,0.14,0.27,26%,,0/4,15,25,33,10,6,12,Non-Duelist
raheel M  brow,,133,172.3,0.83,71%,119.4,0.64,0.26,0.09,0.13,21%,22%,02-Sep,28,85,102,35,12,17,Non-Duelist
Kucf  uG,,212,171.5,0.83,70%,108.7,0.62,0.3,0.02,0.04,25%,9%,Apr-44,17,132,159,63,4,9,Non-Duelist
Pashasahil  MB,,76,170.8,0.8,68%,120.6,0.54,0.47,0.05,0.08,28%,33%,01-Mar,14,41,51,36,4,6,Non-Duelist
loSt  VOIX,,56,170,0.64,61%,96.6,0.57,0.32,0.09,0.16,38%,25%,01-Apr,22,32,50,18,5,9,Non-Duelist
ShiderZ  UES,,63,167,0.75,70%,107,0.57,0.27,0.02,0.02,27%,13%,01-Aug,14,36,48,17,1,1,Non-Duelist
MR R3D  SE,,64,167,0.88,67%,106.4,0.58,0.38,0.06,0.05,23%,10%,01-Oct,12,37,42,24,4,3,Non-Duelist
MUSAB  FPG,(+2),319,166.2,0.78,70%,114,0.55,0.31,0.1,0.09,26%,17%,Apr-24,20,177,226,99,31,28,Non-Duelist
seemple  CC,,93,166,0.83,69%,114.8,0.59,0.33,0.02,0.08,31%,22%,Apr-18,22,55,66,31,2,7,Non-Duelist
hzice  brow,,133,166,0.87,65%,120.3,0.6,0.3,0.03,0.11,24%,,0/15,30,80,92,40,4,14,Non-Duelist
Twistzz  Veno,,14,165,0.54,71%,113.4,0.5,0.36,0,0.14,14%,,0/5,7,7,13,5,0,2,Non-Duelist
Brad  MB,,76,163.5,0.84,74%,114.2,0.61,0.28,0.09,0.11,28%,,0/6,17,46,55,21,7,8,Non-Duelist
STRANGER  p5,,407,163,0.8,70%,113.5,0.58,0.37,0.05,0.08,23%,10%,Apr-39,26,235,293,151,21,33,Non-Duelist
Protagonist  TC,,50,161.7,0.7,70%,95.5,0.52,0.24,0.08,0.08,16%,,0/4,10,26,37,12,4,4,Non-Duelist
LORDBATHURA  THE,,36,158.5,0.61,50%,115.8,0.53,0.17,0.08,0.14,30%,50%,01-Feb,10,19,31,6,3,5,Non-Duelist
SpeX  Trin,,14,157,0.5,64%,100.1,0.5,0.07,0,0.29,35%,,0/2,7,7,14,1,0,4,Non-Duelist
ShuvFreakz  XLE,,144,155.5,0.68,58%,100.9,0.53,0.22,0.03,0.15,23%,19%,Apr-21,15,76,111,32,5,22,Non-Duelist
SubPlayer  Wolf,,17,155,0.5,65%,96.1,0.47,0.24,0.18,0.35,17%,,0/1,8,8,16,4,3,6,Non-Duelist
ROACH  uG,,212,154,0.69,62%,107.5,0.54,0.19,0.08,0.16,29%,9%,Feb-22,15,115,167,40,17,34,Non-Duelist
ToXicSumit  UES,,63,153,0.76,73%,105.5,0.51,0.49,0.1,0.11,23%,13%,01-Aug,14,32,42,31,6,7,Non-Duelist
iSpeeed  wm,,66,152,0.86,68%,96.1,0.56,0.3,0.03,0.06,18%,43%,03-Jul,16,37,43,20,2,4,Non-Duelist
SavageYoddha  ROG,,42,152,0.67,67%,106.1,0.57,0.21,0.07,0.1,18%,20%,01-May,14,24,36,9,3,4,Non-Duelist
MannFlame  THE,,36,151.5,0.57,61%,98.1,0.47,0.31,0.03,0.17,29%,,0/2,10,17,30,11,1,6,Non-Duelist
StingX  UES,,63,149.3,0.73,68%,107.6,0.51,0.3,0.11,0.11,23%,17%,01-Jun,17,32,44,19,7,7,Non-Duelist
bubbaTEA  VOIX,,56,148.5,0.58,61%,94.2,0.45,0.23,0,0.13,23%,22%,02-Sep,15,25,43,13,0,7,Non-Duelist
Trolele  T69,,41,148.5,0.69,63%,102.2,0.49,0.37,0.05,0.05,17%,,0/2,13,20,29,15,2,2,Non-Duelist
Ezio  PE,,78,147.8,0.73,59%,98.7,0.49,0.37,0.06,0.1,21%,,0/7,12,38,52,29,5,8,Non-Duelist
Kray  Weeb,,109,147.8,0.76,60%,102.4,0.53,0.18,0.02,0.09,28%,18%,Mar-17,19,58,76,20,2,10,Non-Duelist
DASH  BLIND,,40,146.5,0.67,65%,96,0.5,0.53,0,0.13,31%,,0/7,14,20,30,21,0,5,Non-Duelist
Nezuko可愛い  Wolf,,61,146,0.63,70%,93.5,0.49,0.43,0,0.03,14%,22%,02-Sep,13,30,48,26,0,2,Non-Duelist
Notorious  KE,,37,145.5,0.58,43%,106.4,0.49,0.08,0,0.05,19%,13%,01-Aug,10,18,31,3,0,2,Non-Duelist
SidSuckZ  Veno,,14,143,0.54,50%,87.4,0.5,0.14,0,0.14,22%,,0/3,7,7,13,2,0,2,Non-Duelist
Cluster  KE,,137,142.7,0.58,60%,96.9,0.5,0.19,0.04,0.12,22%,7%,Feb-28,16,69,118,26,5,17,Non-Duelist
Kunjithapatham  SUS,,49,142.5,0.67,65%,90.8,0.49,0.47,0.06,0.1,24%,,0/8,12,24,36,23,3,5,Non-Duelist
BoNeS  TR,,161,140.3,0.72,70%,91.8,0.5,0.32,0.04,0.06,30%,18%,02-Nov,19,81,112,51,6,10,Non-Duelist
ayaNq  Kolk,,30,137.5,0.5,50%,90.1,0.47,0.07,0.13,0.2,21%,,0/2,10,14,28,2,4,6,Non-Duelist
XAYREN  MT,,33,137.5,0.57,61%,87.4,0.48,0.15,0.03,0.09,31%,20%,02-Oct,12,16,28,5,1,3,Non-Duelist
punisher  Kolk,,30,137,0.46,57%,91.6,0.43,0.27,0.03,0.03,20%,,0/4,7,13,28,8,1,1,Non-Duelist
godvexy  Medal,,80,136,0.73,70%,92,0.46,0.21,0.05,0.09,15%,44%,04-Sep,12,37,51,17,4,7,Non-Duelist
OutlawOw  XLE,,106,135.3,0.47,51%,91.7,0.42,0.18,0.06,0.08,20%,,0/14,11,44,94,19,6,8,Non-Duelist
FearTheShadow  Trin,,14,135,0.43,36%,78.6,0.43,0,0.07,0.14,16%,,0/3,6,6,14,0,1,2,Non-Duelist
Aauras  TL,,37,134,0.48,59%,77.5,0.43,0.19,0,0.05,28%,,0/6,11,16,33,7,0,2,Non-Duelist
息子Ish7  Trin,,14,129,0.43,57%,77.6,0.43,0.07,0,0.14,30%,,0/3,6,6,14,1,0,2,Non-Duelist
IDLI  THE,,36,128,0.42,58%,88.8,0.36,0.33,0.08,0.08,19%,,0/8,7,13,31,12,3,3,Non-Duelist
Slumber  KE,,52,125.3,0.48,44%,84.6,0.42,0.13,0.08,0.13,24%,,0/12,9,22,46,7,4,7,Non-Duelist
CASTI3L  Wolf,,61,123,0.47,54%,80,0.41,0.23,0.07,0.11,31%,,0/5,14,25,53,14,4,7,Non-Duelist
Soxy  Evol,,16,123,0.47,56%,72.2,0.44,0.25,0.06,0,9%,,0/5,7,7,15,4,1,0,Non-Duelist
DEXTER  MT,,33,120,0.4,58%,82.2,0.36,0.21,0.06,0.09,27%,33%,01-Mar,6,12,30,7,2,3,Non-Duelist
tryst  Kolk,,30,119.5,0.41,43%,84.4,0.37,0.23,0.1,0.23,27%,20%,01-May,7,11,27,7,3,7,Non-Duelist
Levi  KE,(+3),189,118.5,0.47,57%,78.2,0.39,0.21,0.04,0.11,30%,8%,Feb-25,12,74,158,39,8,21,Non-Duelist
paddoX  Kolk,,30,117.5,0.43,40%,77.1,0.4,0.07,0.03,0.1,29%,20%,01-May,6,12,28,2,1,3,Non-Duelist
ONI  ROG,,42,117,0.66,67%,82.1,0.45,0.21,0.02,0.1,18%,40%,02-May,11,19,29,9,1,4,Non-Duelist
Khattak X  Agon,,41,116,0.67,71%,74.1,0.39,0.34,0,0.07,16%,,0/6,9,16,24,14,0,3,Non-Duelist
esc4norrr  TL,,37,114,0.41,51%,75.7,0.35,0.08,0.03,0.3,15%,,0/2,11,13,32,3,1,11,Non-Duelist
Vortex  BLIND,,40,111.5,0.45,58%,70.3,0.33,0.4,0.05,0.08,19%,,0/6,7,13,29,16,2,3,Non-Duelist
Ananta  VOIX,,16,99,0.29,56%,76.9,0.25,0.31,0.06,0.13,16%,,0/1,4,4,14,5,1,2,Non-Duelist
V27  Evol,,16,91,0.31,50%,61.8,0.25,0.25,0,0.06,15%,,0/2,4,4,13,4,0,1,Non-Duelist
Flamezyy  XLE,,18,87,0.19,44%,56.2,0.17,0.56,0.11,0.11,19%,,0/2,3,3,16,10,2,2,Non-Duelist
ANTARESS  Veno,,14,86,0.29,50%,58,0.29,0.29,0,0.14,25%,,0/2,4,4,14,4,0,2,Non-Duelist
GRIFFIN  Trin,,14,80,0.31,43%,57.7,0.29,0.07,0,0.07,36%,,0/2,4,4,13,1,0,1,Non-Duelist
RaideR  uG,,30,72.5,0.14,40%,55.7,0.13,0.27,0.07,0.2,10%,,0/3,2,4,29,8,2,6,Non-Duelist
Kyta  Evol,,16,71,0.19,44%,50.9,0.19,0.13,0.06,0.19,38%,,0/1,3,3,16,2,1,3,Non-Duelist
SpaceWiz  XLE,,36,70.5,0.27,61%,54.3,0.22,0.33,0.06,0,28%,,0/6,7,8,30,12,2,0,Non-Duelist
RaFzer  Veno,,14,60,0.14,21%,44.3,0.14,0.14,0.07,0.29,27%,,0/1,2,2,14,2,1,4,Non-Duelist
lilzahzah  Trin,,14,48,0.07,21%,38.6,0.07,0.21,0,0.29,5%,,0/3,1,1,15,3,0,4,Non-Duelist
